id,tags,tags_transl,user,userId,title,description,type,page,bookmark,bookmarked,likeCount,viewCount,commentCount,width,height,xRestrict,AI,date,original,thumb,fileName
108416593,"原神,綺良々,原神10000users入り","原神,綺良々,原神10000收藏",QuAn_,6657532,绮良良,,Illustration,1,20432,No,15113,116666,91,700,700,AllAges,No,2023-05-24T17:46:00+00:00,https://i.pximg.net/img-original/img/2023/05/25/02/46/23/108416593_p0.jpg,https://i.pximg.net/c/250x250_80_a2/img-master/img/2023/05/25/02/46/23/108416593_p0_square1200.jpg,"QuAn_的插图・漫画 - pixiv/绮良良108416593_p0.jpg"
107215586,"原神,珐露珊,ファルザン,原神10000users入り","原神,珐露珊,原神10000收藏",QuAn_,6657532,珐露珊,,Illustration,1,15637,No,11183,88538,56,700,700,AllAges,No,2023-04-15T18:10:00+00:00,https://i.pximg.net/img-original/img/2023/04/16/03/10/10/107215586_p0.jpg,https://i.pximg.net/c/250x250_80_a2/img-master/img/2023/04/16/03/10/10/107215586_p0_square1200.jpg,"QuAn_的插图・漫画 - pixiv/珐露珊107215586_p0.jpg"
106345139,"原神,帰終,Haagentus,原神10000users入り","原神,帰終,Haagentus,原神10000收藏",QuAn_,6657532,归终,,Illustration,1,31022,No,24024,165791,97,700,700,AllAges,No,2023-03-18T17:59:00+00:00,https://i.pximg.net/img-original/img/2023/03/19/02/59/30/106345139_p0.jpg,https://i.pximg.net/c/250x250_80_a2/img-master/img/2023/03/19/02/59/30/106345139_p0_square1200.jpg,"QuAn_的插图・漫画 - pixiv/归终106345139_p0.jpg"
104605228,"原神,アルハイゼン,Alhaitham,GenshinImpact,原神10000users入り","原神,艾尔海森,Alhaitham,GenshinImpact,原神10000收藏",QuAn_,6657532,艾尔海森,,Illustration,1,14726,No,11511,123538,51,700,700,AllAges,No,2023-01-17T16:29:00+00:00,https://i.pximg.net/img-original/img/2023/01/18/01/29/42/104605228_p0.jpg,https://i.pximg.net/c/250x250_80_a2/img-master/img/2023/01/18/01/29/42/104605228_p0_square1200.jpg,"QuAn_的插图・漫画 - pixiv/艾尔海森104605228_p0.jpg"
104150722,"原神,ヨォーヨ,瑶瑶,原神10000users入り","原神,瑶瑶,原神10000收藏",QuAn_,6657532,瑶瑶,,Illustration,1,13237,No,9399,81546,49,700,700,AllAges,No,2023-01-01T16:08:00+00:00,https://i.pximg.net/img-original/img/2023/01/02/01/08/25/104150722_p0.jpg,https://i.pximg.net/c/250x250_80_a2/img-master/img/2023/01/02/01/08/25/104150722_p0_square1200.jpg,"QuAn_的插图・漫画 - pixiv/瑶瑶104150722_p0.jpg"
103402876,"原神,スカラマシュ,放浪者,流浪者,原神10000users入り","原神,散兵,放浪者,流浪者,原神10000收藏",QuAn_,6657532,散兵,,Illustration,2,15369,No,11982,127783,63,700,700,AllAges,No,2022-12-06T17:07:00+00:00,https://i.pximg.net/img-original/img/2022/12/07/02/07/07/103402876_p0.jpg,https://i.pximg.net/c/250x250_80_a2/img-master/img/2022/12/07/02/07/07/103402876_p0_square1200.jpg,"QuAn_的插图・漫画 - pixiv/散兵103402876_p0.jpg"
102439408,"原神,纳西妲,ナヒーダ,ウインク,原神10000users入り,ロリ","原神,纳西妲,wink,原神10000收藏,萝莉",QuAn_,6657532,纳西妲,,Illustration,2,48825,No,37660,287933,184,700,700,AllAges,No,2022-11-01T16:09:00+00:00,https://i.pximg.net/img-original/img/2022/11/02/01/09/49/102439408_p0.jpg,https://i.pximg.net/c/250x250_80_a2/img-master/img/2022/11/02/01/09/49/102439408_p0_square1200.jpg,"QuAn_的插图・漫画 - pixiv/纳西妲102439408_p0.jpg"
102027309,"原神,ニィロウ,原神10000users入り","原神,妮露,原神10000收藏",QuAn_,6657532,妮露,,Illustration,2,26992,No,20057,179622,83,700,700,AllAges,Unknown,2022-10-17T16:21:00+00:00,https://i.pximg.net/img-original/img/2022/10/18/01/21/48/102027309_p0.jpg,https://i.pximg.net/c/250x250_80_a2/img-master/img/2022/10/18/01/21/48/102027309_p0_square1200.jpg,"QuAn_的插图・漫画 - pixiv/妮露102027309_p0.jpg"
101535674,"原神,セノ,Cyno,原神5000users入り","原神,赛诺,Cyno,原神5000收藏",QuAn_,6657532,赛诺,,Illustration,1,10330,No,7551,85970,53,700,700,AllAges,Unknown,2022-09-27T17:13:00+00:00,https://i.pximg.net/img-original/img/2022/09/28/02/13/21/101535674_p0.jpg,https://i.pximg.net/c/250x250_80_a2/img-master/img/2022/09/28/02/13/21/101535674_p0_square1200.jpg,"QuAn_的插图・漫画 - pixiv/赛诺101535674_p0.jpg"
101415437,"碧蓝航线,アズールレーン,ブレスト(アズールレーン),布雷斯特,巨乳,仰臥,アズールレーン10000users入り,爆乳","碧蓝航线,布雷斯特（碧蓝航线）,布雷斯特,巨乳,仰卧,碧蓝航线10000收藏,爆乳",QuAn_,6657532,布雷斯特,,Illustration,1,24659,No,17350,122143,44,2560,1600,AllAges,Unknown,2022-09-22T16:06:00+00:00,https://i.pximg.net/img-original/img/2022/09/23/01/06/33/101415437_p0.jpg,https://i.pximg.net/c/250x250_80_a2/custom-thumb/img/2022/09/23/01/06/33/101415437_p0_custom1200.jpg,"QuAn_的插图・漫画 - pixiv/布雷斯特101415437_p0.jpg"
100316505,"绝区零,ゼンレスゾーンゼロ,雅,狐耳,星見雅,ゼンゼロ10000users入り","绝区零,雅,狐耳,星見雅,ゼンゼロ10000users入り",QuAn_,6657532,雅,,Illustration,2,17467,No,13338,119830,57,1280,1920,AllAges,Unknown,2022-08-07T16:04:00+00:00,https://i.pximg.net/img-original/img/2022/08/08/01/04/45/100316505_p0.jpg,https://i.pximg.net/c/250x250_80_a2/img-master/img/2022/08/08/01/04/45/100316505_p0_square1200.jpg,"QuAn_的插图・漫画 - pixiv/雅100316505_p0.jpg"
99551974,"原神,タルタリヤ,Tartaglia,原神5000users入り","原神,达达利亚,Tartaglia,原神5000收藏",QuAn_,6657532,公子,,Illustration,2,10437,No,8030,116426,62,700,700,AllAges,Unknown,2022-07-06T16:37:00+00:00,https://i.pximg.net/img-original/img/2022/07/07/01/37/12/99551974_p0.jpg,https://i.pximg.net/c/250x250_80_a2/img-master/img/2022/07/07/01/37/12/99551974_p0_square1200.jpg,"QuAn_的插图・漫画 - pixiv/公子99551974_p0.jpg"
98747005,"崩坏:星穹铁道,崩壊スターレイル,卡芙卡,カフカ,カフカ(スターレイル),崩壊:スターレイル,崩壊:スターレイル10000users入り","崩坏:星穹铁道,崩坏：星穹铁道,卡芙卡,Kafka,卡芙卡（星穹铁道）,崩壊:スターレイル,崩坏：星穹铁道10000收藏",QuAn_,6657532,卡芙卡,,Illustration,1,18645,No,13724,143839,51,700,700,AllAges,Unknown,2022-05-31T18:58:00+00:00,https://i.pximg.net/img-original/img/2022/06/01/03/58/21/98747005_p0.jpg,https://i.pximg.net/c/250x250_80_a2/img-master/img/2022/06/01/03/58/21/98747005_p0_square1200.jpg,"QuAn_的插图・漫画 - pixiv/卡芙卡98747005_p0.jpg"
98650252,"崩坏:星穹铁道,崩壊スターレイル,罗刹,luocha,奥托,羅刹,崩壊:スターレイル,羅刹(スターレイル),崩壊:スターレイル5000users入り","崩坏:星穹铁道,崩坏：星穹铁道,罗刹,luocha,奥托,羅刹,崩壊:スターレイル,罗刹（星穹铁道）,崩坏：星穹铁道5000收藏",QuAn_,6657532,罗刹,,Illustration,1,9021,No,6675,97809,27,700,700,AllAges,Unknown,2022-05-27T18:17:00+00:00,https://i.pximg.net/img-original/img/2022/05/28/03/17/03/98650252_p0.jpg,https://i.pximg.net/c/250x250_80_a2/img-master/img/2022/05/28/03/17/03/98650252_p0_square1200.jpg,"QuAn_的插图・漫画 - pixiv/罗刹98650252_p0.jpg"
98650216,"崩坏:星穹铁道,崩壊スターレイル,黑塔,herta,訓練されたコメント欄,ヘルタ,崩壊:スターレイル,星,崩壊:スターレイル10000users入り","崩坏:星穹铁道,崩坏：星穹铁道,黑塔,herta,訓練されたコメント欄,崩壊:スターレイル,星,崩坏：星穹铁道10000收藏",QuAn_,6657532,黑塔,,Illustration,1,24351,No,17988,155901,93,700,700,AllAges,Unknown,2022-05-27T18:13:00+00:00,https://i.pximg.net/img-original/img/2022/05/28/03/13/20/98650216_p0.jpg,https://i.pximg.net/c/250x250_80_a2/img-master/img/2022/05/28/03/13/20/98650216_p0_square1200.jpg,"QuAn_的插图・漫画 - pixiv/黑塔98650216_p0.jpg"
98061275,"崩坏:星穹铁道,三月七,崩壊スターレイル,崩壊:スターレイル,三月なのか,崩壊:スターレイル10000users入り","崩坏:星穹铁道,三月七,崩坏：星穹铁道,崩壊:スターレイル,崩坏：星穹铁道10000收藏",QuAn_,6657532,三月七,,Illustration,2,27073,No,19903,194222,106,700,700,AllAges,Unknown,2022-05-02T18:41:00+00:00,https://i.pximg.net/img-original/img/2022/05/03/03/41/42/98061275_p0.jpg,https://i.pximg.net/c/250x250_80_a2/img-master/img/2022/05/03/03/41/42/98061275_p0_square1200.jpg,"QuAn_的插图・漫画 - pixiv/三月七98061275_p0.jpg"
97268353,"原神,神里綾人,タピオカミルクティー,KamisatoAyato(GenshinImpact),原神10000users入り","原神,神里綾人,珍珠奶茶,KamisatoAyato(GenshinImpact),原神10000收藏",QuAn_,6657532,神里绫人,,Illustration,2,14047,No,10304,139573,67,700,700,AllAges,Unknown,2022-03-29T15:03:00+00:00,https://i.pximg.net/img-original/img/2022/03/30/00/03/32/97268353_p0.jpg,https://i.pximg.net/c/250x250_80_a2/img-master/img/2022/03/30/00/03/32/97268353_p0_square1200.jpg,"QuAn_的插图・漫画 - pixiv/神里绫人97268353_p0.jpg"
97063699,"明日方舟,アークナイツ,サイラッハ(アークナイツ),琴柳,アークナイツ10000users入り","明日方舟,琴柳（明日方舟）,琴柳,明日方舟10000收藏",QuAn_,6657532,琴柳,,Illustration,1,15240,No,10851,108000,81,700,700,AllAges,Unknown,2022-03-20T17:48:00+00:00,https://i.pximg.net/img-original/img/2022/03/21/02/48/01/97063699_p0.jpg,https://i.pximg.net/c/250x250_80_a2/img-master/img/2022/03/21/02/48/01/97063699_p0_square1200.jpg,"QuAn_的插图・漫画 - pixiv/琴柳97063699_p0.jpg"
97063666,"明日方舟,アークナイツ,ラ・プルマ,羽毛笔,かわいい,アークナイツ10000users入り,ラ・プルマ(アークナイツ)","明日方舟,羽毛笔,可爱,明日方舟10000收藏,羽毛笔（明日方舟）",QuAn_,6657532,羽毛笔,,Illustration,1,19503,No,13828,111442,40,700,700,AllAges,Unknown,2022-03-20T17:45:00+00:00,https://i.pximg.net/img-original/img/2022/03/21/02/45/19/97063666_p0.jpg,https://i.pximg.net/c/250x250_80_a2/img-master/img/2022/03/21/02/45/19/97063666_p0_square1200.jpg,"QuAn_的插图・漫画 - pixiv/羽毛笔97063666_p0.jpg"
96898468,"原神,ディルック,Diluc,ディルック・ラグヴィンド,原神10000users入り","原神,迪卢克,Diluc,迪卢克·莱艮芬德,原神10000收藏",QuAn_,6657532,迪卢克,,Illustration,1,15582,No,11251,120020,73,700,700,AllAges,Unknown,2022-03-13T17:25:00+00:00,https://i.pximg.net/img-original/img/2022/03/14/02/25/12/96898468_p0.jpg,https://i.pximg.net/c/250x250_80_a2/img-master/img/2022/03/14/02/25/12/96898468_p0_square1200.jpg,"QuAn_的插图・漫画 - pixiv/迪卢克96898468_p0.jpg"
96311355,"原神,白無垢,八重神子,原神10000users入り,狐耳","原神,白无垢,八重神子,原神10000收藏,狐耳",QuAn_,6657532,八重神子,,Illustration,2,47038,No,33788,258484,221,700,700,AllAges,Unknown,2022-02-16T17:32:00+00:00,https://i.pximg.net/img-original/img/2022/02/17/02/32/58/96311355_p0.jpg,https://i.pximg.net/c/250x250_80_a2/img-master/img/2022/02/17/02/32/58/96311355_p0_square1200.jpg,"QuAn_的插图・漫画 - pixiv/八重神子96311355_p0.jpg"
95779111,"原神,云堇,雲菫,原神10000users入り","原神,云堇,雲菫,原神10000收藏",QuAn_,6657532,云堇,,Illustration,1,31764,No,22572,169449,179,700,700,AllAges,Unknown,2022-01-25T17:52:00+00:00,https://i.pximg.net/img-original/img/2022/01/26/02/52/20/95779111_p0.jpg,https://i.pximg.net/c/250x250_80_a2/img-master/img/2022/01/26/02/52/20/95779111_p0_square1200.jpg,"QuAn_的插图・漫画 - pixiv/云堇95779111_p0.jpg"
95528013,"原神,申鶴,shenhe,申鹤,原神10000users入り,クールビューティー,銀髪碧眼","原神,申鶴,shenhe,申鹤,原神10000收藏,cool beauty,银发碧眼",QuAn_,6657532,申鹤,,Illustration,1,34179,No,23691,164741,93,700,700,AllAges,Unknown,2022-01-14T15:10:00+00:00,https://i.pximg.net/img-original/img/2022/01/15/00/10/04/95528013_p0.jpg,https://i.pximg.net/c/250x250_80_a2/img-master/img/2022/01/15/00/10/04/95528013_p0_square1200.jpg,"QuAn_的插图・漫画 - pixiv/申鹤95528013_p0.jpg"
95190271,"公主连结,春黑,キャル,キャル(プリコネ),プリコネR,謹賀新年2022,プリンセスコネクト!Re:Dive,プリコネ10000users入り,振袖,ふつくしい","公主连结,春黑,凯露,凯露（公主连结）,謹賀新年2022,公主连结Re:Dive,プリコネ10000users入り,振袖,太美了",QuAn_,6657532,新年快乐,,Illustration,2,21919,No,15841,144583,117,1280,1920,AllAges,Unknown,2021-12-31T16:28:00+00:00,https://i.pximg.net/img-original/img/2022/01/01/01/28/52/95190271_p0.jpg,https://i.pximg.net/c/250x250_80_a2/img-master/img/2022/01/01/01/28/52/95190271_p0_square1200.jpg,"QuAn_的插图・漫画 - pixiv/新年快乐95190271_p0.jpg"
94945638,"崩坏3rd,崩壊3rd,布洛妮娅,ブローニャ・ザイチク,次生银翼,クールビューティー,崩壊学園10000users入り","崩坏3,崩坏3rd,布洛妮娅,布洛妮娅·扎伊切克,次生银翼,cool beauty,崩坏学园10000收藏",QuAn_,6657532,大鸭鸭,,Illustration,1,24809,No,17666,148066,114,700,700,AllAges,Unknown,2021-12-22T15:43:00+00:00,https://i.pximg.net/img-original/img/2021/12/23/00/43/08/94945638_p0.jpg,https://i.pximg.net/c/250x250_80_a2/img-master/img/2021/12/23/00/43/08/94945638_p0_square1200.jpg,"QuAn_的插图・漫画 - pixiv/大鸭鸭94945638_p0.jpg"
94570737,"原神,GenshinImpact,枫原万叶,楓原万葉,原神10000users入り","原神,GenshinImpact,枫原万叶,楓原万葉,原神10000收藏",QuAn_,6657532,万叶,,Illustration,1,31942,No,23101,189042,104,700,700,AllAges,Unknown,2021-12-04T16:33:00+00:00,https://i.pximg.net/img-original/img/2021/12/05/01/33/39/94570737_p0.jpg,https://i.pximg.net/c/250x250_80_a2/img-master/img/2021/12/05/01/33/39/94570737_p0_square1200.jpg,"QuAn_的插图・漫画 - pixiv/万叶94570737_p0.jpg"
93388262,"明日方舟,Arknights,アークナイツ,ロスモンティス(アークナイツ),マドロック(アークナイツ),スカジ(アークナイツ),狐耳,アークナイツ30000users入り","明日方舟,Arknights,迷迭香（明日方舟）,泥岩（明日方舟）,Skadi (Arknights),狐耳,明日方舟30000收藏",QuAn_,6657532,明日方舟头像8,时隔一年才屯好9图,Illustration,9,35161,No,26444,252406,166,700,700,AllAges,Unknown,2021-10-11T15:45:00+00:00,https://i.pximg.net/img-original/img/2021/10/12/00/45/17/93388262_p0.jpg,https://i.pximg.net/c/250x250_80_a2/img-master/img/2021/10/12/00/45/17/93388262_p0_square1200.jpg,"QuAn_的插图・漫画 - pixiv/明日方舟头像893388262_p0.jpg"
93233124,"原神,GenshinImpact,シャンリ,香菱,グゥオパァー,锅巴,Xiangling,なにこれかわいい,原神10000users入り","原神,GenshinImpact,シャンリ,香菱,Woohopa!,锅巴,Xiangling,卧槽好可爱,原神10000收藏",QuAn_,6657532,香菱,,Illustration,1,28257,No,19649,166977,85,700,700,AllAges,Unknown,2021-10-04T17:07:00+00:00,https://i.pximg.net/img-original/img/2021/10/05/02/07/56/93233124_p0.jpg,https://i.pximg.net/c/250x250_80_a2/img-master/img/2021/10/05/02/07/56/93233124_p0_square1200.jpg,"QuAn_的插图・漫画 - pixiv/香菱93233124_p0.jpg"
93076323,"原神,原神1周年,パイモン(原神),パイモン,食べ物,非常食,原神10000users入り,可愛さいっパイモン","原神,原神1周年,派蒙（原神）,Paimon,食物,非常食,原神10000收藏,可愛さいっパイモン",QuAn_,6657532,原神一周年派蒙,祝原神一周年快乐~,Illustration,3,30916,No,22365,246209,212,700,700,AllAges,Unknown,2021-09-28T04:32:00+00:00,https://i.pximg.net/img-original/img/2021/09/28/13/32/52/93076323_p0.jpg,https://i.pximg.net/c/250x250_80_a2/img-master/img/2021/09/28/13/32/52/93076323_p0_square1200.jpg,"QuAn_的插图・漫画 - pixiv/原神一周年派蒙93076323_p0.jpg"
92923145,"原神,GenshinImpact,珊瑚宮心海,kokomi,原神10000users入り,かわいい","原神,GenshinImpact,珊瑚宮心海,kokomi,原神10000收藏,可爱",QuAn_,6657532,心海,,Illustration,1,47631,No,35056,258276,141,700,700,AllAges,Unknown,2021-09-21T16:08:00+00:00,https://i.pximg.net/img-original/img/2021/09/22/01/08/21/92923145_p0.jpg,https://i.pximg.net/c/250x250_80_a2/img-master/img/2021/09/22/01/08/21/92923145_p0_square1200.jpg,"QuAn_的插图・漫画 - pixiv/心海92923145_p0.jpg"
92541207,"原神,GenshinImpact,雷電将軍,影(原神),雷電影,エレガント,原神50000users入り","原神,GenshinImpact,雷電将軍,影(原神),雷電影,Elegant,原神50000收藏",QuAn_,6657532,雷电将军,,Illustration,2,62385,No,45312,390877,207,700,700,AllAges,Unknown,2021-09-05T15:09:00+00:00,https://i.pximg.net/img-original/img/2021/09/06/00/09/18/92541207_p0.jpg,https://i.pximg.net/c/250x250_80_a2/img-master/img/2021/09/06/00/09/18/92541207_p0_square1200.jpg,"QuAn_的插图・漫画 - pixiv/雷电将军92541207_p0.jpg"
92138943,"明日方舟,Arknights,艾雅法拉,水着,アークナイツ,アークナイツ10000users入り,エイヤフィヤトラ(アークナイツ)","明日方舟,Arknights,艾雅法拉,泳装,明日方舟10000收藏,艾雅法拉(明日方舟)",QuAn_,6657532,泳装小羊,,Illustration,1,22415,No,16680,153176,63,1280,1920,AllAges,Unknown,2021-08-20T18:05:00+00:00,https://i.pximg.net/img-original/img/2021/08/21/03/05/04/92138943_p0.jpg,https://i.pximg.net/c/250x250_80_a2/custom-thumb/img/2021/08/21/03/05/04/92138943_p0_custom1200.jpg,"QuAn_的插图・漫画 - pixiv/泳装小羊92138943_p0.jpg"
91831124,"原神,GenshinImpact,宵宫,宵宮,原神10000users入り","原神,GenshinImpact,宵宫,宵宮,原神10000收藏",QuAn_,6657532,宵宫,,Illustration,1,47583,No,33678,278603,162,700,700,AllAges,Unknown,2021-08-08T16:36:00+00:00,https://i.pximg.net/img-original/img/2021/08/09/01/36/15/91831124_p0.jpg,https://i.pximg.net/c/250x250_80_a2/img-master/img/2021/08/09/01/36/15/91831124_p0_square1200.jpg,"QuAn_的插图・漫画 - pixiv/宵宫91831124_p0.jpg"
91384932,"原神,GenshinImpact,神里綾華,原神10000users入り,エレガント","原神,GenshinImpact,神里綾華,原神10000收藏,Elegant",QuAn_,6657532,神里,,Illustration,2,49762,No,35330,312056,174,700,700,AllAges,Unknown,2021-07-20T16:13:00+00:00,https://i.pximg.net/img-original/img/2021/07/21/01/13/59/91384932_p0.jpg,https://i.pximg.net/c/250x250_80_a2/img-master/img/2021/07/21/01/13/59/91384932_p0_square1200.jpg,"QuAn_的插图・漫画 - pixiv/神里91384932_p0.jpg"
89937761,"原神,GenshinImpact,优菈,エウルア,eula,エウルア・ローレンス,原神50000users入り,そこはかとなくエロス","原神,GenshinImpact,优菈,eula,优菈·劳伦斯,原神50000收藏,Eros",QuAn_,6657532,优菈,,Illustration,1,61824,No,44511,352091,216,700,700,AllAges,Unknown,2021-05-18T16:05:00+00:00,https://i.pximg.net/img-original/img/2021/05/19/01/05/00/89937761_p0.jpg,https://i.pximg.net/c/250x250_80_a2/img-master/img/2021/05/19/01/05/00/89937761_p0_square1200.jpg,"QuAn_的插图・漫画 - pixiv/优菈89937761_p0.jpg"
89937713,"原神,GenshinImpact,烟绯,煙緋,原神10000users入り,花守ゆみり,桃髪翠眼","原神,GenshinImpact,烟绯,煙緋,原神10000收藏,花守ゆみり,桃髪翠眼",QuAn_,6657532,烟绯,,Illustration,1,42500,No,29493,219391,72,700,700,AllAges,Unknown,2021-05-18T16:03:00+00:00,https://i.pximg.net/img-original/img/2021/05/19/01/03/27/89937713_p0.jpg,https://i.pximg.net/c/250x250_80_a2/img-master/img/2021/05/19/01/03/27/89937713_p0_square1200.jpg,"QuAn_的插图・漫画 - pixiv/烟绯89937713_p0.jpg"
89437506,"原神,GenshinImpact,鍾離,原神10000users入り,ミステリアス","原神,GenshinImpact,钟离,原神10000收藏,mysterious",QuAn_,6657532,钟离,,Illustration,1,35259,No,25198,238072,141,700,700,AllAges,Unknown,2021-04-27T16:36:00+00:00,https://i.pximg.net/img-original/img/2021/04/28/01/36/57/89437506_p0.jpg,https://i.pximg.net/c/250x250_80_a2/img-master/img/2021/04/28/01/36/57/89437506_p0_square1200.jpg,"QuAn_的插图・漫画 - pixiv/钟离89437506_p0.jpg"
89196872,"プリンセスコネクト!Re:Dive,プリコネR,ハツネ(プリコネ),シオリ(プリコネ),柏崎初音,柏崎栞,ノーパン,白ニーソ","公主连结Re:Dive,公主连结,初音（公主连结）,栞（公主连结）,柏崎初音,柏崎栞,没穿内裤,白色过膝袜",QuAn_,6657532,公主连结国服一周年,祝贺《公主连结Re:Dive》国服上线一周年,Illustration,2,15625,No,11889,146759,76,1327,1920,AllAges,Unknown,2021-04-16T17:26:00+00:00,https://i.pximg.net/img-original/img/2021/04/17/02/26/03/89196872_p0.jpg,https://i.pximg.net/c/250x250_80_a2/img-master/img/2021/04/17/02/26/03/89196872_p0_square1200.jpg,"QuAn_的插图・漫画 - pixiv/公主连结国服一周年89196872_p0.jpg"
88620583,"原神,GenshinImpact,アストローギスト・モナ・メギストス,モナ,原神10000users入り,モナ(原神)","原神,GenshinImpact,阿斯托洛吉斯·莫娜·梅姬斯图斯,Mona,原神10000收藏,莫娜（原神）",QuAn_,6657532,莫娜,,Illustration,1,30269,No,20110,179149,79,700,700,AllAges,Unknown,2021-03-21T16:29:00+00:00,https://i.pximg.net/img-original/img/2021/03/22/01/29/56/88620583_p0.jpg,https://i.pximg.net/c/250x250_80_a2/img-master/img/2021/03/22/01/29/56/88620583_p0_square1200.jpg,"QuAn_的插图・漫画 - pixiv/莫娜88620583_p0.jpg"
88316563,"原神,GenshinImpact,ノエル(原神),Noelle,女仆,原神10000users入り","原神,GenshinImpact,诺艾尔（原神）,Noelle,女仆,原神10000收藏",QuAn_,6657532,诺艾尔,,Illustration,2,44045,No,30900,284407,160,700,700,AllAges,Unknown,2021-03-08T16:12:00+00:00,https://i.pximg.net/img-original/img/2021/03/09/01/12/07/88316563_p0.jpg,https://i.pximg.net/c/250x250_80_a2/img-master/img/2021/03/09/01/12/07/88316563_p0_square1200.jpg,"QuAn_的插图・漫画 - pixiv/诺艾尔88316563_p0.jpg"
88129567,"原神,胡桃,GenshinImpact,胡桃(原神),原神50000users入り","原神,胡桃,GenshinImpact,胡桃(原神),原神50000收藏",QuAn_,6657532,胡桃,,Illustration,2,68436,No,49707,472208,210,700,700,AllAges,Unknown,2021-02-28T15:56:00+00:00,https://i.pximg.net/img-original/img/2021/03/01/00/56/23/88129567_p0.jpg,https://i.pximg.net/c/250x250_80_a2/img-master/img/2021/03/01/00/56/23/88129567_p0_square1200.jpg,"QuAn_的插图・漫画 - pixiv/胡桃88129567_p0.jpg"
87500297,"原神,魈,GenshinImpact,魈(原神),原神10000users入り","原神,魈,GenshinImpact,魈(原神),原神10000收藏",QuAn_,6657532,魈,,Illustration,1,29265,No,20923,205358,77,700,700,AllAges,Unknown,2021-02-03T02:34:00+00:00,https://i.pximg.net/img-original/img/2021/02/03/11/34/25/87500297_p0.jpg,https://i.pximg.net/c/250x250_80_a2/img-master/img/2021/02/03/11/34/25/87500297_p0_square1200.jpg,"QuAn_的插图・漫画 - pixiv/魈87500297_p0.jpg"
87036407,"原神,GenshinImpact,甘雨,甘雨(原神),原神50000users入り","原神,GenshinImpact,甘雨,甘雨(原神),原神50000收藏",QuAn_,6657532,甘雨,,Illustration,1,71731,No,51533,383445,132,700,700,AllAges,Unknown,2021-01-13T17:31:00+00:00,https://i.pximg.net/img-original/img/2021/01/14/02/31/09/87036407_p0.jpg,https://i.pximg.net/c/250x250_80_a2/img-master/img/2021/01/14/02/31/09/87036407_p0_square1200.jpg,"QuAn_的插图・漫画 - pixiv/甘雨87036407_p0.jpg"
86466834,"原神,GenshinImpact,阿贝多,albedo,アルベド(原神),原神10000users入り","原神,GenshinImpact,阿贝多,albedo,阿贝多（原神）,原神10000收藏",QuAn_,6657532,阿贝多,,Illustration,1,26493,No,18865,193899,56,700,700,AllAges,Unknown,2020-12-22T16:43:00+00:00,https://i.pximg.net/img-original/img/2020/12/23/01/43/40/86466834_p0.jpg,https://i.pximg.net/c/250x250_80_a2/img-master/img/2020/12/23/01/43/40/86466834_p0_square1200.jpg,"QuAn_的插图・漫画 - pixiv/阿贝多86466834_p0.jpg"
85633671,"原神,刻晴,フィッシュル(原神),クレー(原神),可莉,七七,バーバラ(原神),空(原神),蛍(原神),原神100000users入り","原神,刻晴,菲谢尔（原神）,可莉（原神）,可莉,七七,芭芭拉（原神）,空(原神),萤（原神）,原神100000收藏",QuAn_,6657532,原神头像,,Illustration,9,139409,No,115979,1034062,942,700,700,AllAges,Unknown,2020-11-12T16:32:00+00:00,https://i.pximg.net/img-original/img/2020/11/13/01/32/47/85633671_p0.jpg,https://i.pximg.net/c/250x250_80_a2/img-master/img/2020/11/13/01/32/47/85633671_p0_square1200.jpg,"QuAn_的插图・漫画 - pixiv/原神头像85633671_p0.jpg"
84719630,"Arknights,アークナイツ,明日方舟,ポカ(アークナイツ),グレースロート(アークナイツ),ユーネクテス(アークナイツ),ロサ(アークナイツ),スルト/ミント/ビーズワックス/クラウンスレイヤー/スズラン,狐耳,アークナイツ30000users入り","Arknights,明日方舟,早露（明日方舟）,灰喉（明日方舟）,森蚺（明日方舟）,スルト/ミント/ビーズワックス/クラウンスレイヤー/スズラン,狐耳,明日方舟30000收藏",QuAn_,6657532,明日方舟头像7,做头像随意，转载注明id出处,Illustration,9,45600,No,35940,349945,177,700,700,AllAges,Unknown,2020-09-30T16:21:00+00:00,https://i.pximg.net/img-original/img/2020/10/01/01/21/50/84719630_p0.jpg,https://i.pximg.net/c/250x250_80_a2/img-master/img/2020/10/01/01/21/50/84719630_p0_square1200.jpg,"QuAn_的插图・漫画 - pixiv/明日方舟头像784719630_p0.jpg"
84035784,"プリンセスコネクト!Re:Dive,プリコネR,コッコロ,ペコリーヌ,キャル,水着,キャル(プリコネ),おっぱい,プリコネ10000users入り,極上の乳","公主连结Re:Dive,公主连结,可可萝,贪吃佩可,凯露,泳装,凯露（公主连结）,欧派,プリコネ10000users入り,极上乳房",QuAn_,6657532,泳装,pcr泳装三人组,Illustration,3,23555,No,17344,179568,65,4868,2700,AllAges,Unknown,2020-08-30T08:28:00+00:00,https://i.pximg.net/img-original/img/2020/08/30/17/28/32/84035784_p0.jpg,https://i.pximg.net/c/250x250_80_a2/img-master/img/2020/08/30/17/28/32/84035784_p0_square1200.jpg,"QuAn_的插图・漫画 - pixiv/泳装84035784_p0.jpg"
83845394,"明日方舟,アークナイツ,Arknights,蓝毒,アズリウス(アークナイツ),魅惑の谷間,アークナイツ30000users入り","明日方舟,Arknights,蓝毒,蓝毒(明日方舟),魅惑的乳沟,明日方舟30000收藏",QuAn_,6657532,cake,啊——,Illustration,1,32305,No,23230,172839,141,1000,1512,AllAges,Unknown,2020-08-21T17:31:00+00:00,https://i.pximg.net/img-original/img/2020/08/22/02/31/09/83845394_p0.jpg,https://i.pximg.net/c/250x250_80_a2/custom-thumb/img/2020/08/22/02/31/09/83845394_p0_custom1200.jpg,"QuAn_的插图・漫画 - pixiv/cake83845394_p0.jpg"
83517325,"明日方舟,アークナイツ,Arknights,斯卡蒂,水着,巨乳,スカジ(アークナイツ),サングラス,白肌,アークナイツ50000users入り","明日方舟,Arknights,斯卡蒂,泳装,巨乳,Skadi (Arknights),sunglasses,白肌,明日方舟50000收藏",QuAn_,6657532,skd,,Illustration,1,80784,No,63103,413812,181,700,1092,AllAges,Unknown,2020-08-07T17:01:00+00:00,https://i.pximg.net/img-original/img/2020/08/08/02/01/26/83517325_p0.jpg,https://i.pximg.net/c/250x250_80_a2/custom-thumb/img/2020/08/08/02/01/26/83517325_p0_custom1200.jpg,"QuAn_的插图・漫画 - pixiv/skd83517325_p0.jpg"
83091490,"明日方舟,アークナイツ,Arknights,企鹅物流,テキサス(アークナイツ),德克萨斯,クールビューティー,アークナイツ30000users入り","明日方舟,Arknights,企鹅物流,德克萨斯（明日方舟）,德克萨斯,cool beauty,明日方舟30000收藏",QuAn_,6657532,texas,,Illustration,1,33306,No,25451,180806,97,959,1500,AllAges,Unknown,2020-07-19T17:02:00+00:00,https://i.pximg.net/img-original/img/2020/07/20/02/02/45/83091490_p0.jpg,https://i.pximg.net/c/250x250_80_a2/custom-thumb/img/2020/07/20/02/02/45/83091490_p0_custom1200.jpg,"QuAn_的插图・漫画 - pixiv/texas83091490_p0.jpg"
82960616,"明日方舟,アークナイツ,Arknights,空,ソラ(アークナイツ),企鹅物流,アークナイツ10000users入り,髪型チェンジ","明日方舟,Arknights,空,空（明日方舟）,企鹅物流,明日方舟10000收藏,髪型チェンジ",QuAn_,6657532,sora,,Illustration,1,26229,No,20287,147341,57,959,1500,AllAges,Unknown,2020-07-13T16:25:00+00:00,https://i.pximg.net/img-original/img/2020/07/14/01/25/18/82960616_p0.jpg,https://i.pximg.net/c/250x250_80_a2/custom-thumb/img/2020/07/14/01/25/18/82960616_p0_custom1200.jpg,"QuAn_的插图・漫画 - pixiv/sora82960616_p0.jpg"
82900645,"かぐや様は告らせたい,白銀圭,銀髪ロング,女の子,白ワンピ,紐タイ,夏服,かぐや様は告らせたい10000users入り,ワンピース服,鈴代紗弓","辉夜大小姐想让我告白~天才们的恋爱头脑战~,白银圭,银色长发,女孩子,白色连衣裙,紐タイ,夏服,かぐや様は告らせたい10000users入り,连衣裙,鈴代紗弓",QuAn_,6657532,白銀圭☆,,Illustration,1,28095,No,21334,164028,35,990,1500,AllAges,Unknown,2020-07-11T08:07:00+00:00,https://i.pximg.net/img-original/img/2020/07/11/17/07/18/82900645_p0.jpg,https://i.pximg.net/c/250x250_80_a2/custom-thumb/img/2020/07/11/17/07/18/82900645_p0_custom1200.jpg,"QuAn_的插图・漫画 - pixiv/白銀圭☆82900645_p0.jpg"
82368676,"明日方舟,アークナイツ,Arknights,フロストリーフ(アークナイツ),phantom,W/バグパイプ/ファントム/ソラ/アスベストス/カッター,霜叶,アークナイツ30000users入り","明日方舟,Arknights,霜叶(明日方舟),phantom,W/バグパイプ/ファントム/ソラ/アスベストス/カッター,霜叶,明日方舟30000收藏",QuAn_,6657532,明日方舟头像6,"久等了<br />做头像随意，转载注明id出处",Illustration,9,38236,No,28995,265702,145,700,700,AllAges,Unknown,2020-06-16T12:44:00+00:00,https://i.pximg.net/img-original/img/2020/06/16/21/44/20/82368676_p0.jpg,https://i.pximg.net/c/250x250_80_a2/img-master/img/2020/06/16/21/44/20/82368676_p0_square1200.jpg,"QuAn_的插图・漫画 - pixiv/明日方舟头像682368676_p0.jpg"
82194040,"R-18,プリコネR,プリンセスコネクト!Re:Dive,キョウカ(プリコネ),ロリ,すじ,プリコネ10000users入り,揉みしだきたい乳","R-18,公主连结,公主连结Re:Dive,镜华（公主连结）,萝莉,骆驼趾,プリコネ10000users入り,诱人把玩的乳房",QuAn_,6657532,镜华,,Illustration,1,31020,No,21864,233798,359,3000,2876,R-18,Unknown,2020-06-08T16:17:00+00:00,https://i.pximg.net/img-original/img/2020/06/09/01/17/01/82194040_p0.jpg,https://i.pximg.net/c/250x250_80_a2/img-master/img/2020/06/09/01/17/01/82194040_p0_square1200.jpg,"QuAn_的插图・漫画 - pixiv/镜华82194040_p0.jpg"
82189046,"プリコネR,プリンセスコネクト!Re:Dive,キョウカ(プリコネ),ミソギ(プリコネ),ミミ(プリコネ),リトルリリカル,公主连结,镜华,おへそ,プリコネ10000users入り","公主连结,公主连结Re:Dive,镜华（公主连结）,未奏希（公主连结）,美美（公主连结）,Little Lyrical,镜华,肚脐,プリコネ10000users入り",QuAn_,6657532,小小甜心,,Illustration,2,19746,No,14558,155621,57,1500,1438,AllAges,Unknown,2020-06-08T13:23:00+00:00,https://i.pximg.net/img-original/img/2020/06/08/22/23/39/82189046_p0.jpg,https://i.pximg.net/c/250x250_80_a2/img-master/img/2020/06/08/22/23/39/82189046_p0_square1200.jpg,"QuAn_的插图・漫画 - pixiv/小小甜心82189046_p0.jpg"
81567750,"明日方舟,アークナイツ,Arknights,阿米娅,パンツ,アーミヤ(アークナイツ),アークナイツ10000users入り","明日方舟,Arknights,阿米娅,内裤,阿米娅（明日方舟）,明日方舟10000收藏",QuAn_,6657532,是兔兔！,,Illustration,1,17919,No,13383,103693,111,1000,1500,AllAges,Unknown,2020-05-14T15:34:00+00:00,https://i.pximg.net/img-original/img/2020/05/15/00/34/40/81567750_p0.jpg,https://i.pximg.net/c/250x250_80_a2/img-master/img/2020/05/15/00/34/40/81567750_p0_square1200.jpg,"QuAn_的插图・漫画 - pixiv/是兔兔！81567750_p0.jpg"
80851092,"プリンセスコネクト!Re:Dive,プリコネR,ペコリーヌ,キャル(プリコネ),コッコロ,ぱんつ,おっぱい,美食殿,パンチラ,プリコネ10000users入り","公主连结Re:Dive,公主连结,贪吃佩可,凯露（公主连结）,可可萝,胖次,欧派,美食殿,露内裤,プリコネ10000users入り",QuAn_,6657532,公主连结Re:Dive,祝贺《公主连结Re:Dive》国服正式上线！,Illustration,2,15471,No,11407,142104,82,1920,1026,AllAges,Unknown,2020-04-17T06:08:00+00:00,https://i.pximg.net/img-original/img/2020/04/17/15/08/43/80851092_p0.jpg,https://i.pximg.net/c/250x250_80_a2/img-master/img/2020/04/17/15/08/43/80851092_p0_square1200.jpg,"QuAn_的插图・漫画 - pixiv/公主连结Re：Dive80851092_p0.jpg"
80143041,"明日方舟,アークナイツ,Arknights,阿米娅,霜星,闪灵,星极,清流,可露希尔,アークナイツ30000users入り","明日方舟,Arknights,阿米娅,霜星,闪灵,星极,清流,可露希尔,明日方舟30000收藏",QuAn_,6657532,明日方舟头像5,"以后的头像也都会带上水印了<br /><br />做头像随意，转载注明id出处",Illustration,9,36565,No,28938,260825,210,700,700,AllAges,Unknown,2020-03-15T12:30:00+00:00,https://i.pximg.net/img-original/img/2020/03/15/21/30/16/80143041_p0.jpg,https://i.pximg.net/c/250x250_80_a2/img-master/img/2020/03/15/21/30/16/80143041_p0_square1200.jpg,"QuAn_的插图・漫画 - pixiv/明日方舟头像580143041_p0.jpg"
79988645,"明日方舟,Arknights,能天使,Q版,アークナイツ,エクシア(アークナイツ),星极,アークナイツ10000users入り,クロワッサン/スカジ/ケオベ/ニェン/アステシア","明日方舟,Arknights,能天使,Q版,能天使（明日方舟）,星极,明日方舟10000收藏,クロワッサン/スカジ/ケオベ/ニェン/アステシア",QuAn_,6657532,吃瓜群众,,Illustration,9,26932,No,20941,210734,250,500,500,AllAges,Unknown,2020-03-08T14:42:00+00:00,https://i.pximg.net/img-original/img/2020/03/08/23/42/28/79988645_p0.jpg,https://i.pximg.net/c/250x250_80_a2/img-master/img/2020/03/08/23/42/28/79988645_p0_square1200.jpg,"QuAn_的插图・漫画 - pixiv/吃瓜群众79988645_p0.jpg"
79801128,"双生视界,高奈利亚,女の子,尻神样,西洋棋,ガール・カフェ・ガン5000users入り","双生视界,高奈利亚,女孩子,尻神样,西洋棋,ガール・カフェ・ガン5000users入り",QuAn_,6657532,高奈利亚★,西洋棋高奈利亚,Illustration,1,6393,No,4506,66772,25,1620,1080,AllAges,Unknown,2020-02-29T11:38:00+00:00,https://i.pximg.net/img-original/img/2020/02/29/20/38/30/79801128_p0.jpg,https://i.pximg.net/c/250x250_80_a2/img-master/img/2020/02/29/20/38/30/79801128_p0_square1200.jpg,"QuAn_的插图・漫画 - pixiv/高奈利亚★79801128_p0.jpg"
79763010,"碧蓝航线,AzurLane,アズールレーン,シリアス(アズールレーン),天狼星,巨乳,青雲映す碧波,アズールレーン10000users入り,指を突っ込みたいへそ","碧蓝航线,AzurLane,天狼星（碧蓝航线）,天狼星,巨乳,碧波青云,碧蓝航线10000收藏,好想用手指戳一下肚脐",QuAn_,6657532,天狼星☆,庆祝碧蓝航线国服上线1000天~,Illustration,2,14575,No,10515,107873,64,1075,1500,AllAges,Unknown,2020-02-27T12:42:00+00:00,https://i.pximg.net/img-original/img/2020/02/27/21/42/46/79763010_p0.jpg,https://i.pximg.net/c/250x250_80_a2/img-master/img/2020/02/27/21/42/46/79763010_p0_square1200.jpg,"QuAn_的插图・漫画 - pixiv/天狼星☆79763010_p0.jpg"
79318308,"明日方舟,アークナイツ,Arknights,アーミヤ,阿米娅,アーミヤ(アークナイツ),アークナイツ10000users入り,新聞配達員(アークナイツ),ヘッドホン,アポロキャップ","明日方舟,Arknights,阿米娅,阿米娅（明日方舟）,明日方舟10000收藏,新聞配達員(アークナイツ),头戴式耳机,アポロキャップ",QuAn_,6657532,阿米娅❤,,Illustration,2,28949,No,22306,199779,97,700,700,AllAges,Unknown,2020-02-06T10:44:00+00:00,https://i.pximg.net/img-original/img/2020/02/06/19/44/22/79318308_p0.jpg,https://i.pximg.net/c/250x250_80_a2/img-master/img/2020/02/06/19/44/22/79318308_p0_square1200.jpg,"QuAn_的插图・漫画 - pixiv/阿米娅❤79318308_p0.jpg"
79074291,"明日方舟,アークナイツ,Arknights,能天使,凛冬,红,火神,ズィマー(アークナイツ),イースチナ/エクシア/ヴァルカン/レッド/ブレイズ/ニェン,アークナイツ30000users入り","明日方舟,Arknights,能天使,凛冬,红,火神,凛冬（明日方舟）,イースチナ/エクシア/ヴァルカン/レッド/ブレイズ/ニェン,明日方舟30000收藏",QuAn_,6657532,明日方舟头像4,转载注明id出处,Illustration,9,35877,No,27878,251532,130,700,700,AllAges,Unknown,2020-01-24T13:43:00+00:00,https://i.pximg.net/img-original/img/2020/01/24/22/43/20/79074291_p0.jpg,https://i.pximg.net/c/250x250_80_a2/img-master/img/2020/01/24/22/43/20/79074291_p0_square1200.jpg,"QuAn_的插图・漫画 - pixiv/明日方舟头像479074291_p0.jpg"
78949689,"明日方舟,Arknights,アークナイツ,德克萨斯,拉普兰德,艾雅法拉,推进之王,卡缇,安赛尔,アークナイツ30000users入り","明日方舟,Arknights,德克萨斯,拉普兰德,艾雅法拉,推进之王,卡缇,安赛尔,明日方舟30000收藏",QuAn_,6657532,明日方舟头像3,"懒得打tag了<br /><br />做头像随意<br />转载请注明id出处",Illustration,11,32418,No,25155,247935,171,700,700,AllAges,Unknown,2020-01-17T12:40:00+00:00,https://i.pximg.net/img-original/img/2020/01/17/21/40/08/78949689_p0.jpg,https://i.pximg.net/c/250x250_80_a2/img-master/img/2020/01/17/21/40/08/78949689_p0_square1200.jpg,"QuAn_的插图・漫画 - pixiv/明日方舟头像378949689_p0.jpg"
78868937,"明日方舟,年,Arknights,アークナイツ,ニェン(アークナイツ),竜娘,アークナイツ30000users入り","明日方舟,年,Arknights,年（明日方舟）,龙娘,明日方舟30000收藏",QuAn_,6657532,年,许愿许愿,Illustration,3,30512,No,23495,222595,114,700,700,AllAges,Unknown,2020-01-12T15:45:00+00:00,https://i.pximg.net/img-original/img/2020/01/13/00/45/51/78868937_p0.jpg,https://i.pximg.net/c/250x250_80_a2/img-master/img/2020/01/13/00/45/51/78868937_p0_square1200.jpg,"QuAn_的插图・漫画 - pixiv/年78868937_p0.jpg"
77845097,"明日方舟,陈,凯尔希,星熊,能天使,狮蝎,安洁莉娜,黑,暗索,麦哲伦","明日方舟,陈,凯尔希,星熊,能天使,狮蝎,安洁莉娜,黑,暗索,麦哲伦",QuAn_,6657532,明日方舟头像2,"喜欢的可以拿去做头像<br />转载请注明id出处",Illustration,9,54967,No,44726,334727,289,700,700,AllAges,Unknown,2019-11-16T11:21:00+00:00,https://i.pximg.net/img-original/img/2019/11/16/20/21/45/77845097_p0.jpg,https://i.pximg.net/c/250x250_80_a2/img-master/img/2019/11/16/20/21/45/77845097_p0_square1200.jpg,"QuAn_的插图・漫画 - pixiv/明日方舟头像277845097_p0.jpg"
77045517,"明日方舟,华法琳,斯卡蒂,夜魔,白面鸮,蓝毒,夜莺,桃金娘,锡兰,白金","明日方舟,华法琳,斯卡蒂,夜魔,白面鸮,蓝毒,夜莺,桃金娘,锡兰,白金",QuAn_,6657532,明日方舟头像,画了几个明日方舟的头像,Illustration,9,52537,No,43958,356299,244,650,650,AllAges,Unknown,2019-09-30T12:56:00+00:00,https://i.pximg.net/img-original/img/2019/09/30/21/56/19/77045517_p0.jpg,https://i.pximg.net/c/250x250_80_a2/img-master/img/2019/09/30/21/56/19/77045517_p0_square1200.jpg,"QuAn_的插图・漫画 - pixiv/明日方舟头像77045517_p0.jpg"
76758211,"碧蓝航线,アズールレーン,フォーミダブル(アズールレーン),可畏,巨乳,銀髪ツインテール,アズールレーン10000users入り","碧蓝航线,可畏（碧蓝航线）,可畏,巨乳,银发双马尾,碧蓝航线10000收藏",QuAn_,6657532,可畏,,Illustration,1,15377,No,10238,96422,17,1000,1222,AllAges,Unknown,2019-09-13T04:37:00+00:00,https://i.pximg.net/img-original/img/2019/09/13/13/37/51/76758211_p0.jpg,https://i.pximg.net/c/250x250_80_a2/img-master/img/2019/09/13/13/37/51/76758211_p0_square1200.jpg,"QuAn_的插图・漫画 - pixiv/可畏76758211_p0.jpg"
76732338,"明日方舟,红豆,Vigna,アークナイツ,ヴィグナ(アークナイツ),水着,アークナイツ10000users入り,ホリデーHD01,指を突っ込みたいへそ","明日方舟,红豆,Vigna,红豆(明日方舟),泳装,明日方舟10000收藏,ホリデーHD01,好想用手指戳一下肚脐",QuAn_,6657532,红豆,,Illustration,2,24452,No,18202,135617,49,1209,1800,AllAges,Unknown,2019-09-11T10:20:00+00:00,https://i.pximg.net/img-original/img/2019/09/11/19/20/36/76732338_p0.jpg,https://i.pximg.net/c/250x250_80_a2/img-master/img/2019/09/11/19/20/36/76732338_p0_square1200.jpg,"QuAn_的插图・漫画 - pixiv/红豆76732338_p0.jpg"
76556191,"VOCALOID,初音ミク,初音ミク生誕祭2019,雪ミク2019,白ニーソ,ミクさんマジ天使,VOCALOID5000users入り,かわいい","VOCALOID,初音未来,初音ミク生誕祭2019,雪未来2019,白色过膝袜,ミクさんマジ天使,VOCALOID 5000收藏,可爱",QuAn_,6657532,miku❤,"Happy birthday ​​​​！",Illustration,1,9755,No,7365,74316,13,2000,2273,AllAges,Unknown,2019-08-31T13:15:00+00:00,https://i.pximg.net/img-original/img/2019/08/31/22/15/47/76556191_p0.jpg,https://i.pximg.net/c/250x250_80_a2/img-master/img/2019/08/31/22/15/47/76556191_p0_square1200.jpg,"QuAn_的插图・漫画 - pixiv/miku❤76556191_p0.jpg"
76138376,"明日方舟,Arknights,アークナイツ,拉普兰德,德克萨斯,テキサス(アークナイツ),ラップランド(アークナイツ),コスプレ,アークナイツ50000users入り","明日方舟,Arknights,拉普兰德,德克萨斯,德克萨斯（明日方舟）,拉普兰德(明日方舟),cosplay,明日方舟50000收藏",QuAn_,6657532,拉德❤,换装play,Illustration,2,54867,No,43966,342232,116,1360,2000,AllAges,Unknown,2019-08-07T19:13:00+00:00,https://i.pximg.net/img-original/img/2019/08/08/04/13/54/76138376_p0.jpg,https://i.pximg.net/c/250x250_80_a2/img-master/img/2019/08/08/04/13/54/76138376_p0_square1200.jpg,"QuAn_的插图・漫画 - pixiv/拉德❤76138376_p0.jpg"
75171282,"能天使,明日方舟,Arknights,スナップ,エクシア(アークナイツ),アークナイツ,髪型チェンジ,黒タイツ,アークナイツ100000users入り,女の子","能天使,明日方舟,Arknights,スナップ,能天使（明日方舟）,髪型チェンジ,黑裤袜,明日方舟100000收藏,女孩子",QuAn_,6657532,长发阿能,我无能T.T,Illustration,1,145728,No,126569,760066,571,1000,1533,AllAges,Unknown,2019-06-11T04:58:00+00:00,https://i.pximg.net/img-original/img/2019/06/11/13/58/37/75171282_p0.jpg,https://i.pximg.net/c/250x250_80_a2/img-master/img/2019/06/11/13/58/37/75171282_p0_square1200.jpg,"QuAn_的插图・漫画 - pixiv/长发阿能75171282_p0.jpg"
74736710,"阿米娅,明日方舟,amiya,アークナイツ,Arknights,アーミヤ(アークナイツ),アークナイツ10000users入り","阿米娅,明日方舟,amiya,Arknights,阿米娅（明日方舟）,明日方舟10000收藏",QuAn_,6657532,阿米娅,,Illustration,1,17138,No,13263,111139,32,778,1000,AllAges,Unknown,2019-05-15T02:23:00+00:00,https://i.pximg.net/img-original/img/2019/05/15/11/23/05/74736710_p0.jpg,https://i.pximg.net/c/250x250_80_a2/img-master/img/2019/05/15/11/23/05/74736710_p0_square1200.jpg,"QuAn_的插图・漫画 - pixiv/阿米娅74736710_p0.jpg"
74368900,"アズールレーン,島風(アズールレーン),裸足,アズールレーンクロスウェーブ,麻呂眉,滲み出るエロス,アズールレーン10000users入り","碧蓝航线,岛风（碧蓝航线）,赤脚,Azur Lane Crosswave,麻呂眉,滲み出るエロス,碧蓝航线10000收藏",QuAn_,6657532,島風,,Illustration,1,16747,No,11212,92754,31,1300,1950,AllAges,Unknown,2019-04-25T02:08:00+00:00,https://i.pximg.net/img-original/img/2019/04/25/11/08/47/74368900_p0.jpg,https://i.pximg.net/c/250x250_80_a2/img-master/img/2019/04/25/11/08/47/74368900_p0_square1200.jpg,"QuAn_的插图・漫画 - pixiv/島風74368900_p0.jpg"
73828914,"転生したらスライムだった件,ミリム・ナーヴァ,魔王米莉姆,魔王ミリム,尻神様,笑み,顔を埋めたい尻,プリケツ,転スラ5000users入り","关于我转生变成史莱姆这档事,米莉姆·纳瓦,魔王米莉姆,魔王ミリム,尻神样,笑容,想把脸埋进这屁股里,bubble butt,转生史莱姆5000收藏",QuAn_,6657532,米莉姆,,Illustration,1,9042,No,6016,62447,10,900,1316,AllAges,Unknown,2019-03-23T05:53:00+00:00,https://i.pximg.net/img-original/img/2019/03/23/14/53/19/73828914_p0.jpg,https://i.pximg.net/c/250x250_80_a2/img-master/img/2019/03/23/14/53/19/73828914_p0_square1200.jpg,"QuAn_的插图・漫画 - pixiv/米莉姆73828914_p0.jpg"
73190150,"中野三玖,五等分の花嫁,バレンタイン,トの字口,五等分の花嫁10000users入り","中野三玖,五等分的新娘,情人节,トの字口,五等分的新娘 10000收藏",QuAn_,6657532,中野三玖❤,没赶上情人节（捂脸哭）,Illustration,1,12169,No,8535,73346,11,656,900,AllAges,Unknown,2019-02-14T16:02:00+00:00,https://i.pximg.net/img-original/img/2019/02/15/01/02/22/73190150_p0.jpg,https://i.pximg.net/c/250x250_80_a2/img-master/img/2019/02/15/01/02/22/73190150_p0_square1200.jpg,"QuAn_的插图・漫画 - pixiv/中野三玖❤73190150_p0.jpg"
72958645,"VOCALOID,星尘,VOCALOIDCHINA,謹賀新年,年賀状,豬,己亥年,VOCALOID5000users入り","VOCALOID,星尘,VOCALOIDCHINA,謹賀新年,贺年卡,豬,己亥年,VOCALOID 5000收藏",QuAn_,6657532,"HAPPY NEW YEAR",祝大家新年快乐鸭~,Illustration,1,7635,No,5882,56909,27,1750,2400,AllAges,Unknown,2019-02-01T20:48:00+00:00,https://i.pximg.net/img-original/img/2019/02/02/05/48/59/72958645_p0.jpg,https://i.pximg.net/c/250x250_80_a2/img-master/img/2019/02/02/05/48/59/72958645_p0_square1200.jpg,"QuAn_的插图・漫画 - pixiv/HAPPY NEW YEAR72958645_p0.jpg"
72754054,"かぐや様は告らせたい〜天才たちの恋愛頭脳戦,かぐや様は告らせたい,四宮かぐや,タコウィンナー,黒ワンピ,紐タイ,おっぱい,タコさんウインナー,四宫辉夜,かぐや様は告らせたい5000users入り","辉夜大小姐想让我告白~天才们的恋爱头脑战~,四宫辉夜,タコウィンナー,黑色连衣裙,紐タイ,欧派,タコさんウインナー,かぐや様は告らせたい5000users入り",QuAn_,6657532,四宫辉夜,,Illustration,1,9301,No,7151,71081,12,1750,2400,AllAges,Unknown,2019-01-20T06:42:00+00:00,https://i.pximg.net/img-original/img/2019/01/20/15/42/46/72754054_p0.jpg,https://i.pximg.net/c/250x250_80_a2/img-master/img/2019/01/20/15/42/46/72754054_p0_square1200.jpg,"QuAn_的插图・漫画 - pixiv/四宫辉夜72754054_p0.jpg"
72438342,"古剑奇谭三,岑缨,小缨子,女の子,古剑奇谭,荷叶,裸足","古剑奇谭三,岑缨,小缨子,女孩子,古剑奇谭,荷叶,赤脚",QuAn_,6657532,小缨子,,Illustration,1,4459,No,3305,40158,20,2000,2945,AllAges,Unknown,2019-01-01T12:04:00+00:00,https://i.pximg.net/img-original/img/2019/01/01/21/04/59/72438342_p0.jpg,https://i.pximg.net/c/250x250_80_a2/img-master/img/2019/01/01/21/04/59/72438342_p0_square1200.jpg,"QuAn_的插图・漫画 - pixiv/小缨子72438342_p0.jpg"
71757210,"死亡爱丽丝,シノアリス,スノウホワイト(シノアリス),女の子,水着,シノアリス5000users入り","死亡爱丽丝,白雪公主（死亡爱丽丝）,女孩子,泳装,シノアリス5000users入り",QuAn_,6657532,スノウホワイト,,Illustration,1,5922,No,4135,44820,6,1200,1600,AllAges,Unknown,2018-11-21T03:33:00+00:00,https://i.pximg.net/img-original/img/2018/11/21/12/33/11/71757210_p0.jpg,https://i.pximg.net/c/250x250_80_a2/img-master/img/2018/11/21/12/33/11/71757210_p0_square1200.jpg,"QuAn_的插图・漫画 - pixiv/スノウホワイト71757210_p0.jpg"
71397186,"SSSS.GRIDMAN,新条アカネ,グリッドマン,眼鏡っ娘,裸足,舐め回したい足,SSSS.GRIDMAN1000users入り,上田麗奈","SSSS.GRIDMAN,新条茜,古立特,眼镜娘,赤脚,想舔到不行的脚,SSSS.GRIDMAN 1000收藏,上田麗奈",QuAn_,6657532,新条アカネ,,Illustration,2,4509,No,3056,39117,6,1000,1393,AllAges,Unknown,2018-10-28T16:23:00+00:00,https://i.pximg.net/img-original/img/2018/10/29/01/23/14/71397186_p0.jpg,https://i.pximg.net/c/250x250_80_a2/img-master/img/2018/10/29/01/23/14/71397186_p0_square1200.jpg,"QuAn_的插图・漫画 - pixiv/新条アカネ71397186_p0.jpg"
70945580,"あそびあそばせ,游戏三人娘,オリヴィア,Olivia,女の子,制服,金髪碧眼,咥え髪留め,オリヴィア(あそびあそばせ),あそびあそばせ5000users入り","游戏三人娘,Olivia,女孩子,制服,金发碧眼,咥え髪留め,Olivia (Asobi Asobase),あそびあそばせ5000users入り",QuAn_,6657532,Olivia,,Illustration,1,9345,No,7279,75543,22,1078,1500,AllAges,Unknown,2018-09-30T04:42:00+00:00,https://i.pximg.net/img-original/img/2018/09/30/13/42/02/70945580_p0.jpg,https://i.pximg.net/c/250x250_80_a2/img-master/img/2018/09/30/13/42/02/70945580_p0_square1200.jpg,"QuAn_的插图・漫画 - pixiv/Olivia70945580_p0.jpg"
70685611,"ゼルダの伝説,リンク,Link,switch,ブレスオブザワイルド,そこはかとなくエロス,ゼルダの伝説5000users入り","塞尔达传说,林克,Link,switch,旷野之息,Eros,ゼルダの伝説5000users入り",QuAn_,6657532,リンク,,Illustration,1,5222,No,3926,47532,9,919,1300,AllAges,Unknown,2018-09-14T01:54:00+00:00,https://i.pximg.net/img-original/img/2018/09/14/10/54/12/70685611_p0.jpg,https://i.pximg.net/c/250x250_80_a2/img-master/img/2018/09/14/10/54/12/70685611_p0_square1200.jpg,"QuAn_的插图・漫画 - pixiv/リンク70685611_p0.jpg"
69702498,"血小板,はたらく細胞,ロリ,まったく、血小板は最高だぜ!!,こども,血小板(はたらく細胞),はたらく細胞10000users入り,ようじょ,♯ロリコンの聖地,はたらく幼女","血小板,工作细胞,萝莉,血小板真是太棒了！！,child,血小板（工作细胞）,工作细胞10000收藏,loli,♯ロリコンの聖地,はたらく幼女",QuAn_,6657532,血小板,,Illustration,1,43351,No,38645,266230,148,1767,2500,AllAges,Unknown,2018-07-15T10:59:00+00:00,https://i.pximg.net/img-original/img/2018/07/15/19/59/01/69702498_p0.jpg,https://i.pximg.net/c/250x250_80_a2/img-master/img/2018/07/15/19/59/01/69702498_p0_square1200.jpg,"QuAn_的插图・漫画 - pixiv/血小板69702498_p0.jpg"
69637805,"女の子,ロリ,萝莉,哥特,腹黑,吸血鬼,哥特萝莉,大鎌,立ち絵,オリジナル1000users入り","女孩子,萝莉,哥特,腹黑,吸血鬼,哥特萝莉,大鎌,立绘,原创1000users加入书籤",QuAn_,6657532,之前做的测试,emmmmm发张之前做的测试，仔细看问题还是蛮多的,Illustration,2,3271,No,2316,52311,6,4008,3296,AllAges,Unknown,2018-07-11T01:19:00+00:00,https://i.pximg.net/img-original/img/2018/07/11/10/19/51/69637805_p0.jpg,https://i.pximg.net/c/250x250_80_a2/img-master/img/2018/07/11/10/19/51/69637805_p0_square1200.jpg,"QuAn_的插图・漫画 - pixiv/之前做的测试69637805_p0.jpg"
69168052,"Fate/GrandOrder,FGO,ネロ・クラウディウス,ネロ・ブライド,セイバー・ブライド,嫁セイバー,巨乳,Fate/GO100users入り,サイハイブーツ,腋","Fate/GrandOrder,FGO,尼禄·克劳狄乌斯,Nero Bride,Saber Bride,嫁セイバー,巨乳,Fate/GO100users加入书籤,长筒靴,腋下",QuAn_,6657532,尼禄花嫁,摸鱼不易,Illustration,2,1560,No,916,25386,4,1767,2500,AllAges,Unknown,2018-06-10T10:29:00+00:00,https://i.pximg.net/img-original/img/2018/06/10/19/29/11/69168052_p0.jpg,https://i.pximg.net/c/250x250_80_a2/img-master/img/2018/06/10/19/29/11/69168052_p0_square1200.jpg,"QuAn_的插图・漫画 - pixiv/尼禄花嫁69168052_p0.jpg"
68757384,"女の子,异想世界,曼奇立德,剥ぎ取りたいブラ,指を突っ込みたいへそ","女孩子,异想世界,曼奇立德,让人想脱掉的胸罩,好想用手指戳一下肚脐",QuAn_,6657532,设计作业5,在学校的毕业设计作业，设计比较弱不喜勿喷哈,Illustration,1,1448,No,866,25655,8,2480,3508,AllAges,Unknown,2018-05-15T03:35:00+00:00,https://i.pximg.net/img-original/img/2018/05/15/12/35/03/68757384_p0.jpg,https://i.pximg.net/c/250x250_80_a2/img-master/img/2018/05/15/12/35/03/68757384_p0_square1200.jpg,"QuAn_的插图・漫画 - pixiv/设计作业568757384_p0.jpg"
68756761,"女の子,异想世界,曼奇立德,镰刀","女孩子,异想世界,曼奇立德,镰刀",QuAn_,6657532,设计作业4,,Illustration,1,1727,No,1068,26229,3,2598,3543,AllAges,Unknown,2018-05-15T02:12:00+00:00,https://i.pximg.net/img-original/img/2018/05/15/11/12/40/68756761_p0.jpg,https://i.pximg.net/c/250x250_80_a2/img-master/img/2018/05/15/11/12/40/68756761_p0_square1200.jpg,"QuAn_的插图・漫画 - pixiv/设计作业468756761_p0.jpg"
68756560,"女の子,异想世界,曼奇立德","女孩子,异想世界,曼奇立德",QuAn_,6657532,设计作业3,,Illustration,1,2465,No,1851,32944,11,3425,4724,AllAges,Unknown,2018-05-15T01:38:00+00:00,https://i.pximg.net/img-original/img/2018/05/15/10/38/51/68756560_p0.jpg,https://i.pximg.net/c/250x250_80_a2/img-master/img/2018/05/15/10/38/51/68756560_p0_square1200.jpg,"QuAn_的插图・漫画 - pixiv/设计作业368756560_p0.jpg"
68756468,"曼奇立德,异想世界,女の子,刀","曼奇立德,异想世界,女孩子,日本刀",QuAn_,6657532,设计作业2,,Illustration,1,1668,No,1191,29200,4,2362,3508,AllAges,Unknown,2018-05-15T01:14:00+00:00,https://i.pximg.net/img-original/img/2018/05/15/10/14/30/68756468_p0.jpg,https://i.pximg.net/c/250x250_80_a2/img-master/img/2018/05/15/10/14/30/68756468_p0_square1200.jpg,"QuAn_的插图・漫画 - pixiv/设计作业268756468_p0.jpg"
68756440,"异想世界,曼奇立德,女の子,マイクロビキニ","异想世界,曼奇立德,女孩子,极小比基尼",QuAn_,6657532,设计作业1,,Illustration,1,1506,No,986,24855,8,2362,3508,AllAges,Unknown,2018-05-15T01:08:00+00:00,https://i.pximg.net/img-original/img/2018/05/15/10/08/31/68756440_p0.jpg,https://i.pximg.net/c/250x250_80_a2/img-master/img/2018/05/15/10/08/31/68756440_p0_square1200.jpg,"QuAn_的插图・漫画 - pixiv/设计作业168756440_p0.jpg"
67477256,"SINoALICE,死亡爱丽丝,シノアリス,Alice,アリス(シノアリス),女の子,シノアリス100users入り","SINoALICE,死亡爱丽丝,Alice,Alice (SINoALICE),女孩子,シノアリス100users入り",QuAn_,6657532,SINoALICE,,Illustration,1,2476,No,1861,32994,4,2265,3108,AllAges,Unknown,2018-02-26T10:58:00+00:00,https://i.pximg.net/img-original/img/2018/02/26/19/58/39/67477256_p0.jpg,https://i.pximg.net/c/250x250_80_a2/img-master/img/2018/02/26/19/58/39/67477256_p0_square1200.jpg,"QuAn_的插图・漫画 - pixiv/SINoALICE67477256_p0.jpg"
67066029,"曼奇立德,异想世界,兽耳,女の子,少女,刀,狐耳","曼奇立德,异想世界,兽耳,女孩子,少女,日本刀,狐耳",QuAn_,6657532,异想世界同人,前辈的同人,Illustration,1,2551,No,1850,30274,6,2480,4370,AllAges,Unknown,2018-02-01T12:19:00+00:00,https://i.pximg.net/img-original/img/2018/02/01/21/19/10/67066029_p0.jpg,https://i.pximg.net/c/250x250_80_a2/img-master/img/2018/02/01/21/19/10/67066029_p0_square1200.jpg,"QuAn_的插图・漫画 - pixiv/异想世界同人67066029_p0.jpg"
66507777,"女の子,头像,厚涂,涙目,涙,ミステリアス","女孩子,头像,厚涂,涙目,眼泪,mysterious",QuAn_,6657532,头像,厚涂练习,Illustration,1,775,No,527,21404,8,1060,1500,AllAges,Unknown,2017-12-28T13:33:00+00:00,https://i.pximg.net/img-original/img/2017/12/28/22/33/29/66507777_p0.jpg,https://i.pximg.net/c/250x250_80_a2/img-master/img/2017/12/28/22/33/29/66507777_p0_square1200.jpg,"QuAn_的插图・漫画 - pixiv/头像66507777_p0.jpg"
66410319,"珈儿,永远的7日之都,女の子,永远的七日之都,JK,永遠の七日1000users入り","珈儿,永远的7日之都,女孩子,永远的七日之都,JK,永远的7日之都1000收藏",QuAn_,6657532,珈儿,,Illustration,1,2891,No,2183,32540,11,1920,1280,AllAges,Unknown,2017-12-23T11:51:00+00:00,https://i.pximg.net/img-original/img/2017/12/23/20/51/56/66410319_p0.jpg,https://i.pximg.net/c/250x250_80_a2/img-master/img/2017/12/23/20/51/56/66410319_p0_square1200.jpg,"QuAn_的插图・漫画 - pixiv/珈儿66410319_p0.jpg"
66298861,"女の子,八重樱,崩坏3,崩坏3rd,八重桜,崩壊学園10000users入り,狐耳,ふつくしい,そこはかとなくエロス","女孩子,八重樱,崩坏3,崩坏学园10000收藏,狐耳,太美了,Eros",QuAn_,6657532,八重樱,,Illustration,2,16237,No,13570,94844,43,1271,1920,AllAges,Unknown,2017-12-15T08:04:00+00:00,https://i.pximg.net/img-original/img/2017/12/15/17/04/12/66298861_p0.jpg,https://i.pximg.net/c/250x250_80_a2/img-master/img/2017/12/15/17/04/12/66298861_p0_square1200.jpg,"QuAn_的插图・漫画 - pixiv/八重樱66298861_p0.jpg"
66279070,"金刚ヒカリ,金刚光,干物妹!うまるちゃんR,干物妹!うまるちゃん,女の子,金剛ヒカリ,うまるちゃん1000users入り","金刚ヒカリ,金刚光,干物妹!うまるちゃんR,干物妹！小埋,女孩子,うまるちゃん1000users入り",QuAn_,6657532,金刚ヒカリ,随涂小光，好像都没人画这个角色,Illustration,1,3938,No,3075,45967,14,1000,1500,AllAges,Unknown,2017-12-13T13:28:00+00:00,https://i.pximg.net/img-original/img/2017/12/13/22/28/23/66279070_p0.jpg,https://i.pximg.net/c/250x250_80_a2/img-master/img/2017/12/13/22/28/23/66279070_p0_square1200.jpg,"QuAn_的插图・漫画 - pixiv/金刚ヒカリ66279070_p0.jpg"
66206937,"島風ちゃん,艦これ,艦隊これくしょん,女の子,島風,海,沙滩,連装砲ちゃん,まったく、駆逐艦は最高だぜ!!,艦これ1000users入り","島風ちゃん,舰C,舰队collection,女孩子,岛风,海,沙滩,连装炮酱,驱逐舰真是太棒了！,舰娘1000users加入书籤",QuAn_,6657532,島風ちゃん,,Illustration,1,1728,No,1195,27800,5,2480,3508,AllAges,Unknown,2017-12-08T07:38:00+00:00,https://i.pximg.net/img-original/img/2017/12/08/16/38/47/66206937_p0.jpg,https://i.pximg.net/c/250x250_80_a2/img-master/img/2017/12/08/16/38/47/66206937_p0_square1200.jpg,"QuAn_的插图・漫画 - pixiv/島風ちゃん66206937_p0.jpg"
66158335,"女の子,Re:ゼロから始める異世界生活,エミリア,E.M.T,エミリア(リゼロ),リゼロ1000users入り,美脚,ミステリアス,サイハイブーツ","女孩子,Re:从零开始的异世界生活,爱蜜莉雅,E.M.T,艾米莉娅（Re:Zero）,Re:0 1000收藏,美腿,mysterious,长筒靴",QuAn_,6657532,エミリア(Emilia),"同人作业1 艾米莉亚",Illustration,1,2897,No,2150,35210,8,2951,3185,AllAges,Unknown,2017-12-04T08:02:00+00:00,https://i.pximg.net/img-original/img/2017/12/04/17/02/27/66158335_p0.jpg,https://i.pximg.net/c/250x250_80_a2/img-master/img/2017/12/04/17/02/27/66158335_p0_square1200.jpg,"QuAn_的插图・漫画 - pixiv/エミリア(Emilia)66158335_p0.jpg"
56794614,"校服,女子,女の子,制服,女子高生","校服,女子,女孩子,制服,女高中生",QuAn_,6657532,"SCHOOL UNIFORM",封面,Illustration,2,941,No,748,26236,3,1406,1920,AllAges,Unknown,2016-05-08T16:23:00+00:00,https://i.pximg.net/img-original/img/2016/05/09/01/23/10/56794614_p0.jpg,https://i.pximg.net/c/250x250_80_a2/img-master/img/2016/05/09/01/23/10/56794614_p0_square1200.jpg,"QuAn_的插图・漫画 - pixiv/SCHOOL UNIFORM56794614_p0.jpg"
53930799,"東方,西行寺幽々子,東方Project,西行寺幽幽子,东方,桜,樱花,同人,幽々子,uuz","东方,西行寺幽幽子,东方Project,樱,樱花,同人,幽幽子,uuz",QuAn_,6657532,西行寺幽々子,西行寺幽々子,Illustration,1,1123,No,890,27071,8,1920,1280,AllAges,Unknown,2015-12-07T11:52:00+00:00,https://i.pximg.net/img-original/img/2015/12/07/20/52/58/53930799_p0.jpg,https://i.pximg.net/c/250x250_80_a2/img-master/img/2015/12/07/20/52/58/53930799_p0_square1200.jpg,"QuAn_的插图・漫画 - pixiv/西行寺幽々子53930799_p0.jpg"
53827638,"女の子,叶子,树林,光影,树叶,参考照片,连衣裙,少女,长发","女孩子,叶子,树林,光影,树叶,参考照片,连衣裙,少女,长发",QuAn_,6657532,叶子,参考照片画的少女,Illustration,1,889,No,735,26995,8,1280,1920,AllAges,Unknown,2015-11-30T17:33:00+00:00,https://i.pximg.net/img-original/img/2015/12/01/02/33/17/53827638_p0.jpg,https://i.pximg.net/c/250x250_80_a2/img-master/img/2015/12/01/02/33/17/53827638_p0_square1200.jpg,"QuAn_的插图・漫画 - pixiv/叶子53827638_p0.jpg"
53827511,"VOCALOID,墨清弦,指を突っ込みたいへそ,VOCALOID100users入り","VOCALOID,墨清弦,好想用手指戳一下肚脐,VOCALOID 100收藏",QuAn_,6657532,墨清弦,两幅画都是朋友委托画的，画得不多，还不是很熟练,Illustration,1,560,No,402,21820,5,1920,1200,AllAges,Unknown,2015-11-30T17:21:00+00:00,https://i.pximg.net/img-original/img/2015/12/01/02/21/21/53827511_p0.jpg,https://i.pximg.net/c/250x250_80_a2/img-master/img/2015/12/01/02/21/21/53827511_p0_square1200.jpg,"QuAn_的插图・漫画 - pixiv/墨清弦53827511_p0.jpg"
53824078,"乐正绫,VOCALOID,VOCALOID100users入り","乐正绫,VOCALOID,VOCALOID 100收藏",QuAn_,6657532,"第一次投稿 乐正绫",第一次投稿,Illustration,1,1156,No,920,34860,61,1920,1200,AllAges,Unknown,2015-11-30T14:35:00+00:00,https://i.pximg.net/img-original/img/2015/11/30/23/35/07/53824078_p0.jpg,https://i.pximg.net/c/250x250_80_a2/img-master/img/2015/11/30/23/35/07/53824078_p0_square1200.jpg,"QuAn_的插图・漫画 - pixiv/第一次投稿 乐正绫53824078_p0.jpg"
